<?xml version="1.0" encoding="UTF-8"?>
<container xmlns="http://symfony.com/schema/dic/services" xmlns:xsi="http://www.w3.org/2001/XMLSchema-instance" xsi:schemaLocation="http://symfony.com/schema/dic/services http://symfony.com/schema/dic/services/services-1.0.xsd">
    <services>
        <service id="sonata.block.form.type.block" class="Sonata\BlockBundle\Form\Type\ServiceListType">
            <tag name="form.type" alias="sonata_block_service_choice"/>
            <argument type="service" id="sonata.block.manager"/>
        </service>
        <service id="sonata.block.form.type.container_template" class="Sonata\BlockBundle\Form\Type\ContainerTemplateType">
            <tag name="form.type" alias="sonata_type_container_template_choice"/>
            <argument/>
        </service>
    </services>
</container>
