<?xml version="1.0" ?>

<container xmlns="http://symfony.com/schema/dic/services"
    xmlns:xsi="http://www.w3.org/2001/XMLSchema-instance"
    xsi:schemaLocation="http://symfony.com/schema/dic/services http://symfony.com/schema/dic/services/services-1.0.xsd">

    <parameters>
        <parameter key="sensio_distribution.webconfigurator.class">Sensio\Bundle\DistributionBundle\Configurator\Configurator</parameter>
        <parameter key="sensio_distribution.webconfigurator.doctrine_step.class">Sensio\Bundle\DistributionBundle\Configurator\Step\DoctrineStep</parameter>
        <parameter key="sensio_distribution.webconfigurator.secret_step.class">Sensio\Bundle\DistributionBundle\Configurator\Step\SecretStep</parameter>
    </parameters>

    <services>
        <service id="sensio_distribution.webconfigurator" class="%sensio_distribution.webconfigurator.class%">
            <argument>%kernel.root_dir%</argument>
        </service>

        <service id="sensio_distribution.webconfigurator.doctrine_step" class="%sensio_distribution.webconfigurator.doctrine_step.class%" public="false">
            <tag name="webconfigurator.step" priority="10" />
        </service>

        <service id="sensio_distribution.webconfigurator.secret_step" class="%sensio_distribution.webconfigurator.secret_step.class%" public="false">
            <tag name="webconfigurator.step" />
        </service>

        <!-- deprecated, kept for BC -->
        <service id="sensio.distribution.webconfigurator" alias="sensio_distribution.webconfigurator" />
    </services>
</container>
