<?xml version="1.0" encoding="UTF-8" ?>

<routes xmlns="http://symfony.com/schema/routing"
    xmlns:xsi="http://www.w3.org/2001/XMLSchema-instance"
    xsi:schemaLocation="http://symfony.com/schema/routing http://symfony.com/schema/routing/routing-1.0.xsd">

    <route id="fos_user_group_list" path="/list" methods="GET">
        <default key="_controller">FOSUserBundle:Group:list</default>
    </route>

    <route id="fos_user_group_new" path="/new" methods="GET POST">
        <default key="_controller">FOSUserBundle:Group:new</default>
    </route>

    <route id="fos_user_group_show" path="/{groupname}" methods="GET">
        <default key="_controller">FOSUserBundle:Group:show</default>
    </route>

    <route id="fos_user_group_edit" path="/{groupname}/edit" methods="GET POST">
        <default key="_controller">FOSUserBundle:Group:edit</default>
    </route>

    <route id="fos_user_group_delete" path="/{groupname}/delete" methods="GET">
        <default key="_controller">FOSUserBundle:Group:delete</default>
    </route>

</routes>
